1,Hurlee,Ciccetti,hciccetti0@usgs.gov
2,Perry,Stollman,pstollman1@china.com.cn
3,Mersey,Peron,mperon2@cam.ac.uk
4,Curcio,Sporgeon,csporgeon3@vistaprint.com
5,Adorne,MacTerlagh,amacterlagh4@blogger.com
6,Evaleen,Cardenosa,ecardenosa5@foxnews.com
7,Averil,Livens,alivens6@people.com.cn
8,Gabriela,Silverson,gsilverson7@cbc.ca
9,Daren,Von Gladbach,dvongladbach8@ameblo.jp
10,Dorine,Chown,dchown9@instagram.com
11,Dunstan,Sarfat,dsarfata@msn.com
12,Conrad,De Francesco,cdefrancescob@aboutads.info
13,Jamie,Guerro,jguerroc@cmu.edu
14,Oona,Kynston,okynstond@skyrock.com
15,Rubina,Cardo,rcardoe@samsung.com
16,Sigfried,Meadowcraft,smeadowcraftf@yellowbook.com
17,Raine,Loughead,rlougheadg@toplist.cz
18,Vinnie,Schoales,vschoalesh@unc.edu
19,Adan,Bleibaum,ableibaumi@disqus.com
20,Odille,Conkey,oconkeyj@angelfire.com
21,Evaleen,Huelin,ehuelink@whitehouse.gov
22,Hedvig,McCurtain,hmccurtainl@blogtalkradio.com
23,Lindsey,Saville,lsavillem@topsy.com
24,Fae,Gullivan,fgullivann@nymag.com
25,Codi,Brownett,cbrownetto@godaddy.com
26,Skipton,Anthon,santhonp@ftc.gov
27,Muhammad,Krop,mkropq@zimbio.com
28,Torrey,Yerbury,tyerburyr@uol.com.br
29,Adora,Lindberg,alindbergs@globo.com
30,Cahra,Tevlin,ctevlint@sphinn.com
31,Tobit,Bossons,tbossonsu@ovh.net
32,Agosto,Castellaccio,acastellacciov@hatena.ne.jp
33,Willa,Wing,wwingw@who.int
34,Patsy,Jezzard,pjezzardx@washingtonpost.com
35,Mandel,Roback,mrobacky@friendfeed.com
36,Hollyanne,Rase,hrasez@buzzfeed.com
37,Elane,Soames,esoames10@gnu.org
38,Helsa,Carabine,hcarabine11@home.pl
39,Niles,Easterfield,neasterfield12@biblegateway.com
40,Afton,Greenacre,agreenacre13@wix.com
41,Aleta,Braunstein,abraunstein14@4shared.com
42,Constance,Herries,cherries15@addtoany.com
43,Chester,Alenikov,calenikov16@marriott.com
44,Barrett,Gabbat,bgabbat17@europa.eu
45,Gerianne,Witherington,gwitherington18@nature.com
46,Myrtie,Chiechio,mchiechio19@jalbum.net
47,Genevra,Boichat,gboichat1a@omniture.com
48,Artemus,Edelheid,aedelheid1b@macromedia.com
49,Nicolle,Pemble,npemble1c@nymag.com
50,Poppy,MacNally,pmacnally1d@1688.com
51,Benedetto,Scoular,bscoular1e@google.it
52,Fanya,Jacquot,fjacquot1f@xinhuanet.com
53,Moishe,Tarpey,mtarpey1g@google.com.hk
54,Pavla,Vereker,pvereker1h@nba.com
55,Griff,O'Downe,godowne1i@google.nl
56,Eolanda,Folan,efolan1j@mysql.com
57,Flora,Turle,fturle1k@examiner.com
58,Xenia,Hendin,xhendin1l@omniture.com
59,Rebeca,Dodgshon,rdodgshon1m@amazon.co.jp
60,Pat,Huburn,phuburn1n@nih.gov
61,Pattie,Piele,ppiele1o@de.vu
62,Dillie,Belz,dbelz1p@umn.edu
63,Jacquie,Stairmond,jstairmond1q@flickr.com
64,Boniface,Meeke,bmeeke1r@buzzfeed.com
65,Sapphira,Brixey,sbrixey1s@reference.com
66,Twila,Gosz,tgosz1t@hostgator.com
67,Rutledge,Gwyer,rgwyer1u@economist.com
68,Albertine,Wealleans,awealleans1v@hugedomains.com
69,Ailsun,Allsupp,aallsupp1w@fotki.com
70,Jeana,Vero,jvero1x@chicagotribune.com
71,Carmencita,Tuffell,ctuffell1y@buzzfeed.com
72,Nalani,Winkless,nwinkless1z@yale.edu
73,Marthe,Pepperrall,mpepperrall20@columbia.edu
74,Gill,Vennard,gvennard21@ezinearticles.com
75,Neill,Drewitt,ndrewitt22@uiuc.edu
76,Willdon,Pallatina,wpallatina23@w3.org
77,Jorrie,Yatman,jyatman24@etsy.com
78,Beatrix,Wollacott,bwollacott25@nymag.com
79,Morgan,Robiou,mrobiou26@sfgate.com
80,Derron,Stonebanks,dstonebanks27@accuweather.com
81,Sigismond,Madgewick,smadgewick28@pagesperso-orange.fr
82,Carlos,McClinton,cmcclinton29@reference.com
83,Phelia,Kennerknecht,pkennerknecht2a@aboutads.info
84,Keely,O' Driscoll,kodriscoll2b@ucsd.edu
85,Wilone,Barchrameev,wbarchrameev2c@netscape.com
86,Sheilakathryn,Dimnage,sdimnage2d@livejournal.com
87,Catie,McKimmie,cmckimmie2e@microsoft.com
88,Bree,Stallwood,bstallwood2f@hud.gov
89,Stuart,Cowtherd,scowtherd2g@slashdot.org
90,Nissy,Dring,ndring2h@drupal.org
91,Herminia,Glennon,hglennon2i@booking.com
92,Colan,Churchard,cchurchard2j@washingtonpost.com
93,Tymon,Kettlestring,tkettlestring2k@europa.eu
94,Christian,Harvison,charvison2l@addthis.com
95,Charla,McGarvey,cmcgarvey2m@nymag.com
96,Molly,Ficken,mficken2n@freewebs.com
97,Wilie,Belly,wbelly2o@icio.us
98,Hersh,Townson,htownson2p@illinois.edu
99,Kathie,Highwood,khighwood2q@marketwatch.com
100,Gina,Woodroof,gwoodroof2r@adobe.com
101,Reggy,Saker,rsaker2s@dagondesign.com
102,Danita,Cressingham,dcressingham2t@technorati.com
103,Sandye,Benterman,sbenterman2u@networksolutions.com
104,Ruby,Peachey,rpeachey2v@businessinsider.com
105,Norrie,Payton,npayton2w@mashable.com
106,Suzette,Peter,speter2x@comsenz.com
107,Sayers,Simononsky,ssimononsky2y@ftc.gov
108,Almira,Shreve,ashreve2z@cnbc.com
109,Rheba,Zanni,rzanni30@ibm.com
110,Moritz,Brogiotti,mbrogiotti31@ebay.com
111,Gerhardt,Cartmale,gcartmale32@technorati.com
112,Jerrilyn,Finkle,jfinkle33@netvibes.com
113,Maximilian,Scurry,mscurry34@auda.org.au
114,Edythe,Bownas,ebownas35@shutterfly.com
115,Pavia,Gent,pgent36@harvard.edu
116,Stanly,Checkley,scheckley37@java.com
117,Brennen,Coton,bcoton38@goo.ne.jp
118,Rhodie,Bittlestone,rbittlestone39@github.io
119,Lamont,Amiranda,lamiranda3a@rediff.com
120,Marieann,Mulberry,mmulberry3b@europa.eu
121,Dar,Maddick,dmaddick3c@domainmarket.com
122,Patrica,Medd,pmedd3d@npr.org
123,Orbadiah,Dudney,odudney3e@hao123.com
124,Kelvin,Ivakhnov,kivakhnov3f@naver.com
125,Sanford,Sidworth,ssidworth3g@joomla.org
126,Codi,Rediers,crediers3h@addthis.com
127,Karol,Hardington,khardington3i@gmpg.org
128,Bonni,Falloon,bfalloon3j@discuz.net
129,Verene,Danton,vdanton3k@accuweather.com
130,Baird,Vasiltsov,bvasiltsov3l@about.com
131,Cybill,Bath,cbath3m@tmall.com
132,Galina,Doag,gdoag3n@wiley.com
133,Mahmoud,Jira,mjira3o@apple.com
134,Roslyn,Waby,rwaby3p@si.edu
135,Tatiana,Perrottet,tperrottet3q@squidoo.com
136,Kali,Robbeke,krobbeke3r@house.gov
137,Adrien,De Bruyn,adebruyn3s@nsw.gov.au
138,Jennilee,Losebie,jlosebie3t@msu.edu
139,Rosa,Leed,rleed3u@qq.com
140,Patty,Lewcock,plewcock3v@yelp.com
141,Ambur,Elms,aelms3w@ebay.co.uk
142,Giulietta,Vasser,gvasser3x@technorati.com
143,Enriqueta,Cobain,ecobain3y@un.org
144,Fan,Oret,foret3z@dyndns.org
145,Gray,Drewe,gdrewe40@java.com
146,Sybil,Strelitz,sstrelitz41@wordpress.com
147,Cairistiona,Fahrenbacher,cfahrenbacher42@barnesandnoble.com
148,Fenelia,Mably,fmably43@imgur.com
149,Craig,William,cwilliam44@behance.net
150,Birk,Penticoot,bpenticoot45@nih.gov
151,Delmar,Phelips,dphelips46@over-blog.com
152,Carey,Pavel,cpavel47@guardian.co.uk
153,Sherwin,Gouthier,sgouthier48@ucsd.edu
154,Harwell,Swalough,hswalough49@newyorker.com
155,Silvie,Jehaes,sjehaes4a@artisteer.com
156,Arnuad,Vasyushkhin,avasyushkhin4b@google.nl
157,Oriana,Rodenburg,orodenburg4c@pagesperso-orange.fr
158,Ellissa,Tunbridge,etunbridge4d@unblog.fr
159,Johann,McNirlan,jmcnirlan4e@google.co.jp
160,Lionel,Shuker,lshuker4f@nih.gov
161,Kiel,Beddard,kbeddard4g@stanford.edu
162,Joellyn,Mompesson,jmompesson4h@patch.com
163,Wrennie,Tansly,wtansly4i@youtube.com
164,Nerty,Busch,nbusch4j@cbslocal.com
165,Townsend,Bishopp,tbishopp4k@dropbox.com
166,Dougy,Giraudat,dgiraudat4l@ed.gov
167,Warde,Rubra,wrubra4m@instagram.com
168,Kara,Bedward,kbedward4n@ehow.com
169,Andrey,Heald,aheald4o@printfriendly.com
170,Clo,Dennant,cdennant4p@reuters.com
171,Corrianne,Bellham,cbellham4q@creativecommons.org
172,Donal,Kitman,dkitman4r@epa.gov
173,Othelia,Rose,orose4s@ebay.co.uk
174,Stephan,Doogan,sdoogan4t@phpbb.com
175,Xenos,Lannin,xlannin4u@weibo.com
176,Jennine,Kingscott,jkingscott4v@hud.gov
177,Judye,Cleghorn,jcleghorn4w@multiply.com
178,Lebbie,Mikalski,lmikalski4x@tripadvisor.com
179,Floria,Berndtsson,fberndtsson4y@guardian.co.uk
180,Nari,Spelwood,nspelwood4z@infoseek.co.jp
181,Tony,Heading,theading50@ycombinator.com
182,Yorgos,Cheater,ycheater51@dailymotion.com
183,Spike,Wheaton,swheaton52@fc2.com
184,Ogdan,Pettican,opettican53@sphinn.com
185,Jed,Domonkos,jdomonkos54@g.co
186,Deloris,Dandison,ddandison55@craigslist.org
187,Hamel,Colgrave,hcolgrave56@w3.org
188,Lanny,Noor,lnoor57@ucsd.edu
189,Waverley,Collymore,wcollymore58@psu.edu
190,Chuck,Stirman,cstirman59@reference.com
191,Cathrine,Dowsing,cdowsing5a@artisteer.com
192,Quintilla,Elgie,qelgie5b@so-net.ne.jp
193,Allyn,Lattka,alattka5c@cnet.com
194,Richardo,Crace,rcrace5d@princeton.edu
195,Jedd,Vogeler,jvogeler5e@indiegogo.com
196,Ingaberg,Woolacott,iwoolacott5f@buzzfeed.com
197,Ward,Carme,wcarme5g@360.cn
198,Randolph,Domone,rdomone5h@usnews.com
199,Ilka,O'Sharry,iosharry5i@auda.org.au
200,Farlee,Catcherside,fcatcherside5j@psu.edu
201,Beverie,Laidler,blaidler5k@cbc.ca
202,Teresa,Lettice,tlettice5l@canalblog.com
203,Tiffy,Goeff,tgoeff5m@cbslocal.com
204,Phyllida,Grzelak,pgrzelak5n@washingtonpost.com
205,Bastien,Iacovo,biacovo5o@japanpost.jp
206,Dulciana,Trahmel,dtrahmel5p@shop-pro.jp
207,Avery,Iskowitz,aiskowitz5q@stanford.edu
208,Nikola,Ulyat,nulyat5r@bravesites.com
209,Winnie,Hunte,whunte5s@reverbnation.com
210,Moina,Dondon,mdondon5t@time.com
211,Delmor,Tedahl,dtedahl5u@dedecms.com
212,Renato,Boustred,rboustred5v@i2i.jp
213,Vinnie,Dicken,vdicken5w@scientificamerican.com
214,Don,Lyst,dlyst5x@ucoz.com
215,Roddie,Devanney,rdevanney5y@fotki.com
216,Silva,Coultous,scoultous5z@accuweather.com
217,Cristian,MacSweeney,cmacsweeney60@bloomberg.com
218,Armstrong,Devany,adevany61@fema.gov
219,Stephen,Ickovicz,sickovicz62@skyrock.com
220,Micheal,Spinks,mspinks63@acquirethisname.com
221,Rutter,Sambedge,rsambedge64@uiuc.edu
222,Grace,Butten,gbutten65@msn.com
223,Michaelina,Lytton,mlytton66@mtv.com
224,Allison,Heineken,aheineken67@blogger.com
225,Oralia,Shortcliffe,oshortcliffe68@dagondesign.com
226,Christian,Jeenes,cjeenes69@google.com.hk
227,Eloise,Menere,emenere6a@domainmarket.com
228,Enoch,Brayford,ebrayford6b@goo.ne.jp
229,Xavier,Hacun,xhacun6c@ovh.net
230,Emeline,Bemwell,ebemwell6d@ucoz.ru
231,Marley,Chantler,mchantler6e@t.co
232,Linet,Zini,lzini6f@yolasite.com
233,Ricardo,Norrington,rnorrington6g@answers.com
234,Rikki,Penny,rpenny6h@examiner.com
235,Sheena,Keasy,skeasy6i@google.com
236,Monica,Velde,mvelde6j@amazon.de
237,Gerome,Pretswell,gpretswell6k@google.co.jp
238,Dacie,Mawditt,dmawditt6l@arstechnica.com
239,Shellysheldon,Betterton,sbetterton6m@accuweather.com
240,Yoko,Birch,ybirch6n@networksolutions.com
241,Dan,Ibarra,dibarra6o@list-manage.com
242,Ronalda,Ghent,rghent6p@1688.com
243,Harman,Henriet,hhenriet6q@globo.com
244,Zack,McGeagh,zmcgeagh6r@friendfeed.com
245,Monika,Ramel,mramel6s@google.de
246,Gearalt,Kell,gkell6t@php.net
247,Mary,Summerson,msummerson6u@mayoclinic.com
248,Chet,Cardenas,ccardenas6v@theglobeandmail.com
249,Sly,Booth,sbooth6w@intel.com
250,Dinnie,Morrallee,dmorrallee6x@com.com
251,Dannye,Pettus,dpettus6y@friendfeed.com
252,Lyn,Jancik,ljancik6z@amazon.com
253,Perren,Addenbrooke,paddenbrooke70@123-reg.co.uk
254,Haywood,Gregory,hgregory71@woothemes.com
255,Amble,McGowing,amcgowing72@ted.com
256,Karoline,Snowdon,ksnowdon73@php.net
257,Barton,Abad,babad74@sun.com
258,Daisi,Cardon,dcardon75@tiny.cc
259,Janeta,Giacubo,jgiacubo76@wisc.edu
260,Federico,Deakins,fdeakins77@acquirethisname.com
261,Konrad,Pender,kpender78@qq.com
262,Ashton,Jery,ajery79@harvard.edu
263,Eduardo,Humberston,ehumberston7a@statcounter.com
264,Opalina,Sydenham,osydenham7b@reuters.com
265,Ingelbert,Stack,istack7c@hao123.com
266,Eduardo,Latch,elatch7d@istockphoto.com
267,Gillan,Lilly,glilly7e@github.io
268,Giovanna,Entreis,gentreis7f@usnews.com
269,Nancie,Westmoreland,nwestmoreland7g@wisc.edu
270,Laura,McGrowther,lmcgrowther7h@de.vu
271,Eleonora,Elderbrant,eelderbrant7i@hibu.com
272,Margie,Pandya,mpandya7j@geocities.com
273,Kevina,Blackett,kblackett7k@indiegogo.com
274,Salvador,Imloch,simloch7l@bravesites.com
275,Billi,Marsland,bmarsland7m@msn.com
276,Fraser,Dolling,fdolling7n@amazon.co.uk
277,Major,Churchill,mchurchill7o@mapquest.com
278,Aloysia,Spore,aspore7p@opensource.org
279,Inessa,McDougall,imcdougall7q@indiatimes.com
280,Christophe,Zotto,czotto7r@ft.com
281,Hedvig,de Wilde,hdewilde7s@yellowpages.com
282,Trudie,Kyne,tkyne7t@independent.co.uk
283,Brandie,Bugby,bbugby7u@msn.com
284,Lelah,Colchett,lcolchett7v@sfgate.com
285,Kipp,Kivlehan,kkivlehan7w@google.ru
286,Adelheid,Studdert,astuddert7x@geocities.jp
287,Allayne,Berthome,aberthome7y@mozilla.org
288,Linnie,Bodicam,lbodicam7z@eventbrite.com
289,Antoni,Vasyunin,avasyunin80@hubpages.com
290,Teresita,Cashen,tcashen81@naver.com
291,Rob,De Maria,rdemaria82@ucoz.ru
292,Harper,Cropp,hcropp83@nifty.com
293,Ken,Esseby,kesseby84@ibm.com
294,Mathew,Gommes,mgommes85@mapy.cz
295,Dre,Ludewig,dludewig86@pinterest.com
296,Grover,Tapper,gtapper87@scribd.com
297,Alejoa,Banke,abanke88@blog.com
298,Eloise,Peckett,epeckett89@bloomberg.com
299,Mendel,Sibyllina,msibyllina8a@virginia.edu
300,Ave,Decent,adecent8b@epa.gov
301,Doralyn,Brimicombe,dbrimicombe8c@wordpress.com
302,Travis,Tomik,ttomik8d@vimeo.com
303,Vladamir,Smalley,vsmalley8e@jimdo.com
304,Fax,Sharphouse,fsharphouse8f@mlb.com
305,Phaidra,Rylett,prylett8g@businessinsider.com
306,Lira,Apfler,lapfler8h@cnbc.com
307,Kerrin,Mortell,kmortell8i@dropbox.com
308,Tobe,Skeermor,tskeermor8j@sfgate.com
309,Mellicent,McCaughey,mmccaughey8k@tinyurl.com
310,Merla,Feckey,mfeckey8l@pbs.org
311,Darya,Brimmicombe,dbrimmicombe8m@smh.com.au
312,Luis,Gumary,lgumary8n@sakura.ne.jp
313,Brandyn,Blight,bblight8o@addtoany.com
314,Milissent,Gerrie,mgerrie8p@alibaba.com
315,Sharona,Ponton,sponton8q@moonfruit.com
316,Valaria,Comini,vcomini8r@goo.ne.jp
317,Britney,Freak,bfreak8s@mlb.com
318,Leoine,Blissitt,lblissitt8t@themeforest.net
319,Donna,Valerio,dvalerio8u@umich.edu
320,Siobhan,Chaster,schaster8v@examiner.com
321,Brigid,Marrows,bmarrows8w@cbsnews.com
322,Dasya,Singleton,dsingleton8x@patch.com
323,Nicolais,Davio,ndavio8y@newyorker.com
324,Kitti,Pringell,kpringell8z@wunderground.com
325,Saundra,Croysdale,scroysdale90@pagesperso-orange.fr
326,Faulkner,Croad,fcroad91@moonfruit.com
327,Flo,Beyn,fbeyn92@sohu.com
328,Ninette,Gentsch,ngentsch93@fc2.com
329,Judith,Graalmans,jgraalmans94@umn.edu
330,Pamela,Carrane,pcarrane95@wsj.com
331,Griz,Wolsey,gwolsey96@pagesperso-orange.fr
332,Ailbert,Rowly,arowly97@imageshack.us
333,Breanne,Huntley,bhuntley98@epa.gov
334,Joline,Grange,jgrange99@woothemes.com
335,Danie,Jeffes,djeffes9a@nsw.gov.au
336,Chris,Bruyett,cbruyett9b@nhs.uk
337,Anderea,Meadus,ameadus9c@skype.com
338,Robena,Bartoleyn,rbartoleyn9d@marketwatch.com
339,Kristy,Ellph,kellph9e@utexas.edu
340,Annabelle,Mauchlen,amauchlen9f@tinyurl.com
341,Josephina,Le Bosse,jlebosse9g@yale.edu
342,Stesha,Attryde,sattryde9h@ifeng.com
343,Pattie,Bridges,pbridges9i@squidoo.com
344,Linn,Maffei,lmaffei9j@sbwire.com
345,Mercie,L'argent,mlargent9k@wikipedia.org
346,Mike,Bernardt,mbernardt9l@rediff.com
347,Jeanie,Cottage,jcottage9m@wikispaces.com
348,Warde,Fairnie,wfairnie9n@free.fr
349,Sebastian,Barabisch,sbarabisch9o@google.com.au
350,Alejandrina,Tytherton,atytherton9p@photobucket.com
351,Nanete,Gouley,ngouley9q@qq.com
352,Christoffer,Huglin,chuglin9r@ezinearticles.com
353,Ardith,Ojeda,aojeda9s@google.es
354,Sophronia,Lodevick,slodevick9t@accuweather.com
355,Arvin,Keep,akeep9u@oracle.com
356,Caryl,Frazier,cfrazier9v@epa.gov
357,Regan,Leglise,rleglise9w@vinaora.com
358,Humfrid,Marham,hmarham9x@ustream.tv
359,Kym,Thomkins,kthomkins9y@businesswire.com
360,Sally,Bartali,sbartali9z@statcounter.com
361,Terese,Sawart,tsawarta0@furl.net
362,Holly,Knell,hknella1@ftc.gov
363,Maribel,Sizeland,msizelanda2@virginia.edu
364,Davidde,Kilcullen,dkilcullena3@narod.ru
365,Wendi,Cleugher,wcleughera4@godaddy.com
366,Janina,Tewelson,jtewelsona5@godaddy.com
367,Adolf,Zupone,azuponea6@furl.net
368,Meade,McBrady,mmcbradya7@biglobe.ne.jp
369,Ileane,Treswell,itreswella8@cyberchimps.com
370,Jeannette,Benoiton,jbenoitona9@sciencedaily.com
371,Verna,Shearmer,vshearmeraa@histats.com
372,Marci,Matson,mmatsonab@amazonaws.com
373,Carmelle,Edmeades,cedmeadesac@addtoany.com
374,Konstantine,Vedenyakin,kvedenyakinad@is.gd
375,Jimmie,Muzzollo,jmuzzolloae@deliciousdays.com
376,Griffith,Sargeaunt,gsargeauntaf@github.io
377,Myrna,Baxendale,mbaxendaleag@plala.or.jp
378,Fred,De Gregoli,fdegregoliah@unicef.org
379,Rob,Chazier,rchazierai@dailymail.co.uk
380,Othilie,Yitzhak,oyitzhakaj@reverbnation.com
381,Rustin,Cubley,rcubleyak@feedburner.com
382,Merry,Walbridge,mwalbridgeal@surveymonkey.com
383,Sharity,Goddert.sf,sgoddertsfam@eepurl.com
384,Aube,Kiddey,akiddeyan@tuttocitta.it
385,Kaitlin,Kensy,kkensyao@geocities.jp
386,Laurice,Westcott,lwestcottap@sogou.com
387,Jock,Warcup,jwarcupaq@surveymonkey.com
388,Umeko,Kirman,ukirmanar@usnews.com
389,Neil,Beggini,nbegginias@dedecms.com
390,Ailyn,Worledge,aworledgeat@admin.ch
391,Ferdy,Casale,fcasaleau@businessinsider.com
392,Harry,Yeates,hyeatesav@narod.ru
393,Ulrike,Labarre,ulabarreaw@chron.com
394,Marnie,Wem,mwemax@tamu.edu
395,Melessa,Ritzman,mritzmanay@loc.gov
396,Kristyn,Crosser,kcrosseraz@hugedomains.com
397,Celine,MacMarcuis,cmacmarcuisb0@intel.com
398,Ginger,Cossentine,gcossentineb1@live.com
399,Tyrone,Ubsdell,tubsdellb2@mashable.com
400,Aundrea,Yates,ayatesb3@google.com
401,Jeramey,Kirwin,jkirwinb4@seesaa.net
402,Irvine,Rigeby,irigebyb5@digg.com
403,Daron,Coxwell,dcoxwellb6@mapquest.com
404,Martainn,Culverhouse,mculverhouseb7@jimdo.com
405,Quincy,Hollingby,qhollingbyb8@economist.com
406,Bidget,Itzkovsky,bitzkovskyb9@webs.com
407,Giana,Lamswood,glamswoodba@dion.ne.jp
408,Isidoro,Birtle,ibirtlebb@ucsd.edu
409,Vittoria,Wardhough,vwardhoughbc@geocities.com
410,Roger,Vernazza,rvernazzabd@miibeian.gov.cn
411,Beverly,Lindborg,blindborgbe@webeden.co.uk
412,Salaidh,Heikkinen,sheikkinenbf@wired.com
413,Emlynn,Renehan,erenehanbg@t-online.de
414,Paulina,Baitson,pbaitsonbh@cpanel.net
415,Violet,Sutton,vsuttonbi@blogspot.com
416,Rea,Humpherson,rhumphersonbj@pagesperso-orange.fr
417,Dermot,Delmonti,ddelmontibk@pbs.org
418,Lynna,Claypoole,lclaypoolebl@toplist.cz
419,Leelah,Bolsover,lbolsoverbm@163.com
420,Thibaud,Fomichyov,tfomichyovbn@oracle.com
421,Alexi,Robjents,arobjentsbo@example.com
422,Rosalyn,Hurlestone,rhurlestonebp@1und1.de
423,Thibaut,Luten,tlutenbq@newyorker.com
424,Klarrisa,Spino,kspinobr@ted.com
425,Rosaleen,McMichael,rmcmichaelbs@amazon.co.jp
426,Carey,Braidman,cbraidmanbt@bigcartel.com
427,Conroy,Infantino,cinfantinobu@ustream.tv
428,Carla,Sneyd,csneydbv@linkedin.com
429,Ophelie,Skerman,oskermanbw@nifty.com
430,Kendrick,Leipold,kleipoldbx@princeton.edu
431,Merell,Eul,meulby@nba.com
432,Alys,O'Hannen,aohannenbz@abc.net.au
433,Monty,Pannett,mpannettc0@answers.com
434,Ryley,Gritland,rgritlandc1@dropbox.com
435,Shelley,Cruddace,scruddacec2@amazon.com
436,Vaughn,Flint,vflintc3@shutterfly.com
437,Christean,Imms,cimmsc4@vkontakte.ru
438,Krystalle,Pescod,kpescodc5@bizjournals.com
439,Vanya,Crabtree,vcrabtreec6@biblegateway.com
440,Gabe,Yankov,gyankovc7@nyu.edu
441,Jerrie,Fudger,jfudgerc8@hostgator.com
442,Corabel,Woodwing,cwoodwingc9@microsoft.com
443,Lia,Rockliffe,lrockliffeca@indiegogo.com
444,Ichabod,Bollen,ibollencb@blogtalkradio.com
445,Clementius,Hearsum,chearsumcc@usda.gov
446,Samuele,Sherman,sshermancd@xrea.com
447,Preston,Anfonsi,panfonsice@buzzfeed.com
448,Natalina,Stang-Gjertsen,nstanggjertsencf@istockphoto.com
449,Brigit,Fifoot,bfifootcg@harvard.edu
450,Harli,Dingwall,hdingwallch@aol.com
451,Roseline,Good,rgoodci@google.ca
452,Cammy,Grocutt,cgrocuttcj@illinois.edu
453,Pandora,Eynon,peynonck@phoca.cz
454,Jeri,Banat,jbanatcl@tripod.com
455,Arly,Fargie,afargiecm@army.mil
456,Ardis,Gammet,agammetcn@nationalgeographic.com
457,Agatha,Giametti,agiamettico@va.gov
458,Gayle,Tirrey,gtirreycp@ed.gov
459,Killian,Clapp,kclappcq@phoca.cz
460,Christophorus,Ferraresi,cferraresicr@geocities.com
461,Winnie,Reskelly,wreskellycs@yellowpages.com
462,Clementia,Cradock,ccradockct@qq.com
463,Der,Crannach,dcrannachcu@4shared.com
464,Berri,Ludwikiewicz,bludwikiewiczcv@last.fm
465,Lianna,Goodfellowe,lgoodfellowecw@php.net
466,Uta,Taunton.,utauntoncx@slashdot.org
467,Vin,Piperley,vpiperleycy@people.com.cn
468,Silvester,Henzley,shenzleycz@si.edu
469,Joella,Spreckley,jspreckleyd0@blinklist.com
470,Beck,Buckel,bbuckeld1@liveinternet.ru
471,Brook,Cokayne,bcokayned2@hhs.gov
472,Lennard,MacGuigan,lmacguigand3@gmpg.org
473,Alvina,Warton,awartond4@discovery.com
474,Lonnie,Anfrey,lanfreyd5@amazon.com
475,Darleen,Sarfass,dsarfassd6@google.es
476,Eleonora,Verden,everdend7@abc.net.au
477,Vivianne,Clipson,vclipsond8@google.fr
478,Tadeo,Huscroft,thuscroftd9@answers.com
479,Wyndham,Klain,wklainda@examiner.com
480,Mahalia,Betteriss,mbetterissdb@msn.com
481,Erl,Elvy,eelvydc@mac.com
482,Charyl,Bouts,cboutsdd@ucla.edu
483,Poul,Carnoghan,pcarnoghande@bluehost.com
484,Marsha,Mulloch,mmullochdf@cocolog-nifty.com
485,Rahal,Bradnocke,rbradnockedg@youtube.com
486,Weylin,Hulett,whulettdh@hugedomains.com
487,Dorthea,Shephard,dshepharddi@rambler.ru
488,Kaleena,Klaesson,kklaessondj@scribd.com
489,Padgett,Luttgert,pluttgertdk@fema.gov
490,Eddie,Vitet,evitetdl@reuters.com
491,Enrique,Norcutt,enorcuttdm@google.co.jp
492,Rikki,Chant,rchantdn@rambler.ru
493,Chico,Whittlesey,cwhittleseydo@si.edu
494,Stacy,Berford,sberforddp@amazonaws.com
495,Loutitia,Millimoe,lmillimoedq@japanpost.jp
496,Eugenio,Spain-Gower,espaingowerdr@altervista.org
497,Henriette,Fley,hfleyds@geocities.com
498,Caritta,Idenden,cidendendt@mediafire.com
499,Elberta,Riggey,eriggeydu@springer.com
500,Cathy,Cohalan,ccohalandv@ft.com
501,Brendin,Lusgdin,blusgdindw@unc.edu
502,Cassy,Lambdean,clambdeandx@icio.us
503,Fernando,Yeliashev,fyeliashevdy@hostgator.com
504,Shaun,Dermot,sdermotdz@ca.gov
505,Patric,Deshon,pdeshone0@ucla.edu
506,Samantha,Grundwater,sgrundwatere1@gov.uk
507,Jerry,Guitel,jguitele2@nydailynews.com
508,Winifred,Duggan,wduggane3@1und1.de
509,Rog,Mathouse,rmathousee4@umn.edu
510,Alvan,Simacek,asimaceke5@blinklist.com
511,Cherin,Skune,cskunee6@weebly.com
512,Pris,Dunnaway,pdunnawaye7@google.cn
513,Sandi,Gerard,sgerarde8@over-blog.com
514,Evered,Newcomen,enewcomene9@webeden.co.uk
515,Gayla,Trase,gtraseea@globo.com
516,Lukas,Mayhow,lmayhoweb@bing.com
517,Kale,Garnsworth,kgarnsworthec@stanford.edu
518,Olivette,Andreutti,oandreuttied@furl.net
519,Sibeal,Burtonwood,sburtonwoodee@moonfruit.com
520,Noelle,Martensen,nmartensenef@gnu.org
521,Etti,de Villier,edevilliereg@npr.org
522,Uriel,Stow,ustoweh@psu.edu
523,Brigham,Wotherspoon,bwotherspoonei@nyu.edu
524,Garwood,Caston,gcastonej@networkadvertising.org
525,Marie,Butterfield,mbutterfieldek@yahoo.com
526,Jasen,Yetton,jyettonel@comsenz.com
527,Rick,Schanke,rschankeem@omniture.com
528,Zaria,Frank,zfranken@sogou.com
529,Brewster,George,bgeorgeeo@meetup.com
530,Justin,Wimbury,jwimburyep@patch.com
531,Roxanna,Getcliff,rgetcliffeq@nsw.gov.au
532,Gayleen,Gott,ggotter@odnoklassniki.ru
533,Standford,Sworn,sswornes@abc.net.au
534,Daniel,Bluett,dbluettet@usnews.com
535,Donelle,Mackerel,dmackereleu@tamu.edu
536,Leilah,Sandever,lsandeverev@aboutads.info
537,Berkie,O'Nolan,bonolanew@mediafire.com
538,Pia,Strothers,pstrothersex@archive.org
539,Claiborn,Eldred,celdredey@cargocollective.com
540,Dolf,Coggles,dcogglesez@state.gov
541,Talyah,Alenichicov,talenichicovf0@huffingtonpost.com
542,Dunstan,Heatlie,dheatlief1@tmall.com
543,Jordain,Fritchly,jfritchlyf2@elpais.com
544,Westleigh,Luchelli,wluchellif3@vimeo.com
545,Ferdinande,von Nassau,fvonnassauf4@about.com
546,Annecorinne,Shuxsmith,ashuxsmithf5@canalblog.com
547,Nissa,Pavinese,npavinesef6@webeden.co.uk
548,Davita,Stollard,dstollardf7@indiegogo.com
549,Lemmie,Andrag,landragf8@pagesperso-orange.fr
550,Tawnya,Tolworthy,ttolworthyf9@whitehouse.gov
551,Maribeth,Samme,msammefa@nsw.gov.au
552,Ashton,Leaman,aleamanfb@state.gov
553,Grace,Duiged,gduigedfc@ucsd.edu
554,Dalenna,Masurel,dmasurelfd@studiopress.com
555,Meagan,Breston,mbrestonfe@ted.com
556,Joellyn,Seniour,jseniourff@canalblog.com
557,Gino,Fayers,gfayersfg@timesonline.co.uk
558,Frannie,Blachford,fblachfordfh@sakura.ne.jp
559,Livia,Whapham,lwhaphamfi@gnu.org
560,Siegfried,Lyne,slynefj@epa.gov
561,Terry,Chivrall,tchivrallfk@tiny.cc
562,Myrwyn,Chattock,mchattockfl@ebay.co.uk
563,Franciska,Hanigan,fhaniganfm@tripadvisor.com
564,Kristo,Calles,kcallesfn@reverbnation.com
565,Tressa,Mearns,tmearnsfo@tripod.com
566,Brinn,Prisk,bpriskfp@amazon.com
567,Cicily,Bulger,cbulgerfq@discuz.net
568,Denys,Deakes,ddeakesfr@nps.gov
569,Arline,Conew,aconewfs@hhs.gov
570,Mirabelle,Evers,meversft@mashable.com
571,Marshal,Grigorio,mgrigoriofu@bbb.org
572,Guthrie,Skudder,gskudderfv@meetup.com
573,Mason,Vassman,mvassmanfw@spotify.com
574,Mallory,Costy,mcostyfx@auda.org.au
575,Maddie,Maddern,mmaddernfy@yahoo.co.jp
576,Gabi,Brockton,gbrocktonfz@hc360.com
577,Chalmers,Burmingham,cburminghamg0@princeton.edu
578,Valaria,Simchenko,vsimchenkog1@examiner.com
579,Fred,Hiscoe,fhiscoeg2@e-recht24.de
580,Agnola,Vanyarkin,avanyarking3@4shared.com
581,Bernetta,Teese,bteeseg4@tumblr.com
582,Eveleen,McGlaud,emcglaudg5@walmart.com
583,Currey,Conan,cconang6@usa.gov
584,Ardath,Gerlack,agerlackg7@mashable.com
585,Bald,MacEvilly,bmacevillyg8@diigo.com
586,Vittorio,Whal,vwhalg9@unc.edu
587,Wanda,Drepp,wdreppga@wsj.com
588,Merrily,Mandrey,mmandreygb@guardian.co.uk
589,Kirby,Shave,kshavegc@engadget.com
590,Aleda,Salvatore,asalvatoregd@pen.io
591,Derril,Birkwood,dbirkwoodge@icio.us
592,Artus,Yellop,ayellopgf@geocities.jp
593,Idell,Devericks,idevericksgg@hubpages.com
594,Sharyl,Stockle,sstocklegh@disqus.com
595,Melisent,Cowie,mcowiegi@usda.gov
596,Maryann,Sharplin,msharplingj@admin.ch
597,Kimberley,Van den Dael,kvandendaelgk@nba.com
598,Armin,Sainer,asainergl@comsenz.com
599,Gerti,Minchinton,gminchintongm@reference.com
600,Emmye,Tackett,etackettgn@yale.edu
601,Gwyneth,Munnion,gmunniongo@yelp.com
602,Yancy,Fetherstonhaugh,yfetherstonhaughgp@blogspot.com
603,Cesaro,Sacaze,csacazegq@blog.com
604,Kayla,Jarnell,kjarnellgr@etsy.com
605,Diego,Gayne,dgaynegs@ed.gov
606,Linn,Borth,lborthgt@slideshare.net
607,Corey,Geipel,cgeipelgu@howstuffworks.com
608,Edgar,Tunn,etunngv@cargocollective.com
609,Natasha,Orth,northgw@canalblog.com
610,Nels,Juste,njustegx@patch.com
611,Diannne,Lissemore,dlissemoregy@ed.gov
612,Taryn,Shakelady,tshakeladygz@yelp.com
613,Noemi,Dankov,ndankovh0@studiopress.com
614,Joellen,Austins,jaustinsh1@webs.com
615,Ynes,Carnilian,ycarnilianh2@businessweek.com
616,Lucas,Farquharson,lfarquharsonh3@devhub.com
617,Prentiss,Nel,pnelh4@de.vu
618,Lise,Aitchison,laitchisonh5@bloglovin.com
619,Cly,Bamell,cbamellh6@paginegialle.it
620,Sheppard,Lethbrig,slethbrigh7@uiuc.edu
621,Lawton,Pendell,lpendellh8@liveinternet.ru
622,Berny,Becken,bbeckenh9@amazon.de
623,Freddy,Meek,fmeekha@prlog.org
624,Valentino,Mallen,vmallenhb@w3.org
625,Marney,Dudeney,mdudeneyhc@infoseek.co.jp
626,Darb,Starton,dstartonhd@ed.gov
627,Millisent,Breward,mbrewardhe@gravatar.com
628,Hernando,Rolling,hrollinghf@adobe.com
629,Jarid,Ranson,jransonhg@va.gov
630,Phyllis,Laver,plaverhh@ibm.com
631,Justine,Osan,josanhi@jalbum.net
632,Brittany,Griffithe,bgriffithehj@dailymail.co.uk
633,Marcelle,Strotton,mstrottonhk@amazon.com
634,Trina,Jaffa,tjaffahl@latimes.com
635,Grayce,Ropars,groparshm@list-manage.com
636,Leeann,Vasyutin,lvasyutinhn@bravesites.com
637,Timmie,Trass,ttrassho@ucsd.edu
638,Sean,Gallienne,sgalliennehp@barnesandnoble.com
639,Julianna,Sinnett,jsinnetthq@unblog.fr
640,Laryssa,Renton,lrentonhr@example.com
641,Jone,Tynewell,jtynewellhs@wsj.com
642,Brnaby,Colnett,bcolnettht@163.com
643,Clarie,Lacelett,claceletthu@thetimes.co.uk
644,Vinson,Rawson,vrawsonhv@apache.org
645,Zonda,Gromley,zgromleyhw@cafepress.com
646,Zacharie,Vatcher,zvatcherhx@ted.com
647,Opal,Giff,ogiffhy@facebook.com
648,Shea,Mucklestone,smucklestonehz@nytimes.com
649,Hymie,Lenahan,hlenahani0@weibo.com
650,Tome,Alliban,tallibani1@about.me
651,Aguistin,Chelsom,achelsomi2@bandcamp.com
652,Alonso,Barneveld,abarneveldi3@fema.gov
653,Emory,Braidwood,ebraidwoodi4@jiathis.com
654,Esther,Frank,efranki5@zdnet.com
655,Estell,Canedo,ecanedoi6@businesswire.com
656,Harp,Bubear,hbubeari7@businessinsider.com
657,Asa,Nellen,anelleni8@imdb.com
658,Mildred,Stolberger,mstolbergeri9@mashable.com
659,Shauna,Wadeling,swadelingia@vkontakte.ru
660,Myrna,Molian,mmolianib@google.es
661,Ethelred,Seebright,eseebrightic@ft.com
662,Tine,Giff,tgiffid@cdc.gov
663,Amalie,Djekovic,adjekovicie@google.ru
664,Brear,Purdy,bpurdyif@nbcnews.com
665,Karin,Pea,kpeaig@tumblr.com
666,Colline,Schukraft,cschukraftih@shareasale.com
667,Bryce,Gierok,bgierokii@lycos.com
668,Jaquith,Popescu,jpopescuij@instagram.com
669,Anselma,Kwiek,akwiekik@economist.com
670,Sarah,Jaan,sjaanil@php.net
671,Roi,Sieve,rsieveim@gov.uk
672,Grove,Dallon,gdallonin@csmonitor.com
673,Benedetto,Mayell,bmayellio@dailymail.co.uk
674,Dene,Macey,dmaceyip@webmd.com
675,Carrol,Scritch,cscritchiq@constantcontact.com
676,Tremain,Nussgen,tnussgenir@house.gov
677,Sorcha,Bladon,sbladonis@google.es
678,Silas,Cornick,scornickit@meetup.com
679,Yancy,Farncombe,yfarncombeiu@drupal.org
680,Stanford,Gimenez,sgimeneziv@upenn.edu
681,Micky,Gatecliffe,mgatecliffeiw@ca.gov
682,Karlie,Devonald,kdevonaldix@wikimedia.org
683,Benoit,Greenlees,bgreenleesiy@ed.gov
684,Adria,Yakovlev,ayakovleviz@surveymonkey.com
685,Mendie,Sackler,msacklerj0@virginia.edu
686,Bibbye,Fuster,bfusterj1@vimeo.com
687,Garnette,Gammidge,ggammidgej2@nsw.gov.au
688,Gavrielle,Spittles,gspittlesj3@hc360.com
689,Cathee,Hirth,chirthj4@goo.ne.jp
690,Thalia,Tomicki,ttomickij5@cbslocal.com
691,Mallory,Hanmer,mhanmerj6@vinaora.com
692,Paul,Merwood,pmerwoodj7@fc2.com
693,Raynell,Goreway,rgorewayj8@fastcompany.com
694,Oralla,Granham,ogranhamj9@purevolume.com
695,Hanan,Harme,hharmeja@weebly.com
696,Laurens,Beacham,lbeachamjb@google.ca
697,Sharona,Blaxley,sblaxleyjc@nasa.gov
698,Isabeau,Joinsey,ijoinseyjd@state.gov
699,Wald,Minchinton,wminchintonje@umn.edu
700,Katti,Hardage,khardagejf@umn.edu
701,Rich,Condy,rcondyjg@statcounter.com
702,Shana,Astupenas,sastupenasjh@arstechnica.com
703,Jamil,Normanville,jnormanvilleji@miibeian.gov.cn
704,Daryle,Border,dborderjj@sina.com.cn
705,Chase,Curr,ccurrjk@time.com
706,Eimile,Ancliffe,eancliffejl@dion.ne.jp
707,Claretta,Mockford,cmockfordjm@craigslist.org
708,Rance,Prantl,rprantljn@netscape.com
709,Gasper,Mocquer,gmocquerjo@msn.com
710,Lonna,Baselli,lbasellijp@mozilla.org
711,Hettie,Poxon,hpoxonjq@cnn.com
712,Clementine,Kermode,ckermodejr@w3.org
713,Micheal,Grasser,mgrasserjs@altervista.org
714,Con,Calfe,ccalfejt@sciencedaily.com
715,Aeriel,Basey,abaseyju@scientificamerican.com
716,Christian,Baudassi,cbaudassijv@dagondesign.com
717,Jeanette,Abramzon,jabramzonjw@utexas.edu
718,Gabi,Ferroli,gferrolijx@youku.com
719,Cicily,Maddigan,cmaddiganjy@google.fr
720,Vitia,Grinham,vgrinhamjz@japanpost.jp
721,Pearce,Lubeck,plubeckk0@webs.com
722,Wait,Boomes,wboomesk1@java.com
723,Dory,Ducarne,dducarnek2@imgur.com
724,Arlin,Heap,aheapk3@wsj.com
725,Shelton,Holdall,sholdallk4@blogger.com
726,Wylie,Impey,wimpeyk5@artisteer.com
727,Rowen,Bourdon,rbourdonk6@wix.com
728,Tracey,Cisar,tcisark7@hc360.com
729,Anselma,Smitheman,asmithemank8@youtube.com
730,Klarika,Pellew,kpellewk9@reuters.com
731,Devan,Gounin,dgouninka@intel.com
732,Garrard,Presman,gpresmankb@sfgate.com
733,Anthia,Barck,abarckkc@google.fr
734,Barny,Peirson,bpeirsonkd@sourceforge.net
735,Ronni,Follos,rfolloske@state.gov
736,Maryjane,Meineking,mmeinekingkf@photobucket.com
737,Benedikta,Lermit,blermitkg@marketwatch.com
738,Devonne,Robyns,drobynskh@drupal.org
739,Arlena,Sanham,asanhamki@tinypic.com
740,Spenser,Inold,sinoldkj@histats.com
741,Mile,Moffat,mmoffatkk@tinypic.com
742,Kizzie,Braemer,kbraemerkl@squarespace.com
743,Paddie,Child,pchildkm@xing.com
744,Royall,Mansuer,rmansuerkn@com.com
745,Vinnie,Binns,vbinnsko@vimeo.com
746,Berkley,Mynott,bmynottkp@earthlink.net
747,Silas,Goutcher,sgoutcherkq@biglobe.ne.jp
748,Kally,Asaaf,kasaafkr@behance.net
749,Abbye,Gossington,agossingtonks@msu.edu
750,Julius,Molineaux,jmolineauxkt@fc2.com
751,Em,Creswell,ecreswellku@unblog.fr
752,Seana,McMylor,smcmylorkv@t-online.de
753,Tiffie,Jeness,tjenesskw@wordpress.org
754,Courtney,Prince,cprincekx@goo.gl
755,Tymon,Gurery,tgureryky@jimdo.com
756,Eyde,Sambeck,esambeckkz@twitter.com
757,Jaime,Pavy,jpavyl0@go.com
758,Alys,Baiss,abaissl1@state.tx.us
759,Ajay,Thirkettle,athirkettlel2@51.la
760,Wilden,Claibourn,wclaibournl3@slate.com
761,Jewel,Tourner,jtournerl4@engadget.com
762,Curtis,Essberger,cessbergerl5@tuttocitta.it
763,Bree,Boots,bbootsl6@mlb.com
764,Binny,Quarless,bquarlessl7@xrea.com
765,Allayne,Stower,astowerl8@hibu.com
766,Henrietta,Dungay,hdungayl9@howstuffworks.com
767,Hanny,Ruslinge,hruslingela@phpbb.com
768,Johannes,Stoggles,jstoggleslb@unc.edu
769,Tina,Fabb,tfabblc@addthis.com
770,Wren,Portugal,wportugalld@apple.com
771,Flossi,Ondrich,fondrichle@skype.com
772,Dyna,Moggle,dmogglelf@hud.gov
773,Lisabeth,Catford,lcatfordlg@utexas.edu
774,Romain,Timmis,rtimmislh@csmonitor.com
775,Jerrylee,Traves,jtravesli@networksolutions.com
776,Corie,Ingledew,cingledewlj@pcworld.com
777,Bastien,Adanet,badanetlk@quantcast.com
778,Ashli,Morrel,amorrelll@desdev.cn
779,Cesare,Granham,cgranhamlm@123-reg.co.uk
780,Stormie,Linnane,slinnaneln@ezinearticles.com
781,Anitra,Hebbs,ahebbslo@devhub.com
782,Marlyn,Mackerel,mmackerellp@intel.com
783,Stacee,Bly,sblylq@usda.gov
784,Margi,Schruyer,mschruyerlr@sphinn.com
785,Natalina,Rose,nrosels@ning.com
786,Diahann,Bloxsome,dbloxsomelt@huffingtonpost.com
787,My,Pearse,mpearselu@digg.com
788,Terri,Bentley,tbentleylv@creativecommons.org
789,Herold,Gavrielly,hgavriellylw@twitter.com
790,Eddie,Oakenfull,eoakenfulllx@earthlink.net
791,Lilas,Tschirschky,ltschirschkyly@storify.com
792,Rae,Forster,rforsterlz@lulu.com
793,Corrie,Etchells,cetchellsm0@163.com
794,Laina,Barti,lbartim1@imageshack.us
795,Rosalyn,Jennaway,rjennawaym2@foxnews.com
796,Filippa,Moy,fmoym3@pcworld.com
797,Ethyl,Scholer,escholerm4@reddit.com
798,Hedy,Steers,hsteersm5@tumblr.com
799,Darcey,Tesmond,dtesmondm6@amazon.de
800,Dorothee,Corrington,dcorringtonm7@taobao.com
801,Trescha,Bordessa,tbordessam8@prweb.com
802,Vonni,Glasspoole,vglasspoolem9@yellowpages.com
803,Padraig,Brownlea,pbrownleama@feedburner.com
804,Loretta,Cutts,lcuttsmb@instagram.com
805,Ashli,Fiddian,afiddianmc@weebly.com
806,Lee,Bart,lbartmd@mapy.cz
807,Chiarra,Brantl,cbrantlme@cbslocal.com
808,Arleyne,Bleiman,ableimanmf@utexas.edu
809,Harriette,Lindley,hlindleymg@hibu.com
810,Hunter,Honniebal,hhonniebalmh@google.co.jp
811,Lauren,Skeermer,lskeermermi@nbcnews.com
812,Layton,Eldritt,leldrittmj@va.gov
813,Colet,Nel,cnelmk@google.it
814,Boone,Forson,bforsonml@qq.com
815,Vivyanne,Serraillier,vserrailliermm@gov.uk
816,Llewellyn,O'Sharry,losharrymn@oracle.com
817,Letitia,Guinery,lguinerymo@comcast.net
818,Merrel,Wickey,mwickeymp@soundcloud.com
819,Dolly,Eales,dealesmq@illinois.edu
820,Giffer,Swayne,gswaynemr@oaic.gov.au
821,Sabra,Rowswell,srowswellms@microsoft.com
822,Grace,Vickars,gvickarsmt@godaddy.com
823,Lil,Knuckles,lknucklesmu@marriott.com
824,Niall,Ackroyd,nackroydmv@dailymail.co.uk
825,Julienne,Jeayes,jjeayesmw@mozilla.org
826,Orazio,Costin,ocostinmx@sbwire.com
827,Elston,McPhaden,emcphadenmy@barnesandnoble.com
828,Kissee,Labon,klabonmz@i2i.jp
829,Tirrell,Kupisz,tkupiszn0@google.ru
830,Virgil,Champion,vchampionn1@tamu.edu
831,Bobine,Morville,bmorvillen2@mozilla.com
832,Julius,Kimpton,jkimptonn3@hibu.com
833,Brigida,Burgane,bburganen4@craigslist.org
834,Leonardo,Chattell,lchattelln5@arizona.edu
835,Tarrance,Ditter,tdittern6@sphinn.com
836,Dael,Lingner,dlingnern7@hatena.ne.jp
837,Avril,Iglesia,aiglesian8@jigsy.com
838,Brenden,Eskrick,beskrickn9@youku.com
839,Rosalia,Dorber,rdorberna@hibu.com
840,Robby,Pendrey,rpendreynb@weebly.com
841,Marje,Renachowski,mrenachowskinc@washingtonpost.com
842,Addia,Allsupp,aallsuppnd@harvard.edu
843,Aluino,Batkin,abatkinne@weibo.com
844,Bria,Wholesworth,bwholesworthnf@howstuffworks.com
845,Rhody,Peinke,rpeinkeng@blogspot.com
846,Hewie,Medmore,hmedmorenh@sina.com.cn
847,Steffie,Pykerman,spykermanni@uol.com.br
848,Brenn,Leeburne,bleeburnenj@umn.edu
849,Roley,Olenin,roleninnk@mayoclinic.com
850,Darb,Rugge,druggenl@wiley.com
851,Charity,Gudger,cgudgernm@domainmarket.com
852,Frederic,Shropsheir,fshropsheirnn@nytimes.com
853,Aylmar,Cunradi,acunradino@tuttocitta.it
854,Ileane,Byron,ibyronnp@intel.com
855,Bancroft,Venable,bvenablenq@free.fr
856,Brenda,Iliffe,biliffenr@goodreads.com
857,Bryan,Flieger,bfliegerns@ca.gov
858,Geri,Lardner,glardnernt@spiegel.de
859,Layne,Micco,lmicconu@joomla.org
860,Raynell,Moohan,rmoohannv@yelp.com
861,Orelee,Thome,othomenw@canalblog.com
862,Eloise,Mahaddy,emahaddynx@mediafire.com
863,Nanine,Cozens,ncozensny@phpbb.com
864,Dasya,Spitell,dspitellnz@cpanel.net
865,Kala,Rothwell,krothwello0@xinhuanet.com
866,Abbey,Anan,aanano1@qq.com
867,Paco,Roby,probyo2@delicious.com
868,Merrill,Hodgins,mhodginso3@domainmarket.com
869,Ivor,Foxall,ifoxallo4@smh.com.au
870,Filide,Boustred,fboustredo5@abc.net.au
871,Karena,Rainsbury,krainsburyo6@scribd.com
872,Chickie,Becke,cbeckeo7@jugem.jp
873,Vern,Blaze,vblazeo8@sun.com
874,Guido,Woolley,gwoolleyo9@hubpages.com
875,Cathlene,Lougheed,clougheedoa@cbsnews.com
876,Ann,Prene,apreneob@forbes.com
877,Madison,Aymerich,maymerichoc@hhs.gov
878,Jayson,Prydden,jpryddenod@forbes.com
879,Ketty,Neilson,kneilsonoe@buzzfeed.com
880,Cristobal,Rollo,crolloof@sphinn.com
881,Forrester,Jacklin,fjacklinog@exblog.jp
882,Ginger,Woodroff,gwoodroffoh@over-blog.com
883,Ophelie,Scutching,oscutchingoi@bravesites.com
884,Web,Teresse,wteresseoj@vistaprint.com
885,Yoshi,Wardell,ywardellok@discuz.net
886,Paige,Clutterham,pclutterhamol@tumblr.com
887,Daphne,Eustice,deusticeom@omniture.com
888,Felic,Fedoronko,ffedoronkoon@nps.gov
889,Murvyn,Dando,mdandooo@senate.gov
890,Georg,Aucott,gaucottop@rediff.com
891,Mickie,Testo,mtestooq@reverbnation.com
892,Carilyn,Tillyer,ctillyeror@upenn.edu
893,Minette,Hamblett,mhamblettos@nationalgeographic.com
894,Waverly,Donavan,wdonavanot@army.mil
895,Morley,Mizzen,mmizzenou@oakley.com
896,Durant,Powlett,dpowlettov@tinyurl.com
897,Grantham,Bygott,gbygottow@jigsy.com
898,Reynard,Remington,rremingtonox@issuu.com
899,Alleyn,MacAndie,amacandieoy@comcast.net
900,Jessica,Letrange,jletrangeoz@printfriendly.com
901,Vonny,Simpson,vsimpsonp0@goo.gl
902,Ethel,Haversum,ehaversump1@elpais.com
903,Lynea,Klulisek,lklulisekp2@typepad.com
904,Rhona,Leek,rleekp3@dell.com
905,Anthia,Ludye,aludyep4@bbc.co.uk
906,Jason,Rosenblatt,jrosenblattp5@exblog.jp
907,Cello,Head,cheadp6@furl.net
908,Brooke,Medlicott,bmedlicottp7@dyndns.org
909,Sebastian,O'Sullivan,sosullivanp8@nymag.com
910,Anna-diane,Presdee,apresdeep9@rambler.ru
911,Finlay,Alvarado,falvaradopa@apache.org
912,Matti,Casterton,mcastertonpb@feedburner.com
913,Lorine,Como,lcomopc@msn.com
914,Althea,Parkinson,aparkinsonpd@cnbc.com
915,Lucky,Bish,lbishpe@1688.com
916,Emmy,Colbertson,ecolbertsonpf@webmd.com
917,Byron,Meeland,bmeelandpg@fastcompany.com
918,Kimball,Lehon,klehonph@amazon.com
919,Jamaal,Dearth,jdearthpi@pcworld.com
920,Adda,MacNeilly,amacneillypj@weibo.com
921,Chalmers,Onslow,conslowpk@sourceforge.net
922,Mercedes,O'Gormally,mogormallypl@csmonitor.com
923,Margaux,Bouette,mbouettepm@smugmug.com
924,Hedvig,Albon,halbonpn@theatlantic.com
925,Kirstyn,Epperson,keppersonpo@51.la
926,Alexis,Gherardini,agherardinipp@flickr.com
927,Dyann,Binnion,dbinnionpq@quantcast.com
928,Missy,Heims,mheimspr@nsw.gov.au
929,Judon,Mooreed,jmooreedps@livejournal.com
930,Wynne,Adnet,wadnetpt@dion.ne.jp
931,Darby,Rhucroft,drhucroftpu@cargocollective.com
932,Paulie,Hainge,phaingepv@google.ru
933,Margery,Shinton,mshintonpw@nps.gov
934,Beverley,Lebrun,blebrunpx@cargocollective.com
935,Edna,Juschke,ejuschkepy@latimes.com
936,Katuscha,Rubartelli,krubartellipz@vk.com
937,Purcell,Deetch,pdeetchq0@homestead.com
938,Lexi,Haye,lhayeq1@free.fr
939,Niko,Cameron,ncameronq2@yandex.ru
940,Marilyn,Boram,mboramq3@ibm.com
941,Velma,Retchless,vretchlessq4@theglobeandmail.com
942,Isobel,Malacrida,imalacridaq5@jiathis.com
943,Galvan,Kinsley,gkinsleyq6@earthlink.net
944,Armin,Patesel,apateselq7@cam.ac.uk
945,Cornela,Smithin,csmithinq8@gnu.org
946,Matthiew,Peery,mpeeryq9@si.edu
947,Kaylee,Favel,kfavelqa@wiley.com
948,Armstrong,Feild,afeildqb@tumblr.com
949,Barrett,Botterill,bbotterillqc@theatlantic.com
950,Dall,Puckrin,dpuckrinqd@msn.com
951,Constantino,O'Geneay,cogeneayqe@bbb.org
952,Sauncho,Chopin,schopinqf@ycombinator.com
953,Augustus,Sparrowhawk,asparrowhawkqg@paypal.com
954,Salim,Lomath,slomathqh@tumblr.com
955,Morris,Stonestreet,mstonestreetqi@nydailynews.com
956,Brunhilde,Fivey,bfiveyqj@jalbum.net
957,Cullan,Gillbey,cgillbeyqk@prweb.com
958,Shea,Sleaford,ssleafordql@mysql.com
959,Brien,Tudgay,btudgayqm@google.com.au
960,Shawnee,Ashness,sashnessqn@addtoany.com
961,Denny,Conlaund,dconlaundqo@ezinearticles.com
962,Ramon,Blaker,rblakerqp@irs.gov
963,Kessiah,Elia,keliaqq@examiner.com
964,Junia,Older,jolderqr@aol.com
965,Violante,Atherley,vatherleyqs@rediff.com
966,Anestassia,Dipple,adippleqt@cam.ac.uk
967,Fitzgerald,Sherel,fsherelqu@springer.com
968,Northrop,Joyce,njoyceqv@pbs.org
969,Kaine,Johansson,kjohanssonqw@qq.com
970,Tades,Dunseith,tdunseithqx@ihg.com
971,Jeanine,Fowles,jfowlesqy@comsenz.com
972,Charlie,Wycherley,cwycherleyqz@1und1.de
973,Erika,De Malchar,edemalcharr0@imageshack.us
974,Burnard,Keave,bkeaver1@ehow.com
975,Hetty,Suscens,hsuscensr2@deviantart.com
976,Walt,Lamplough,wlamploughr3@histats.com
977,Loraine,Gooke,lgooker4@mozilla.com
978,Stern,Hrinchenko,shrinchenkor5@imdb.com
979,Roby,Grigoroni,rgrigoronir6@blinklist.com
980,Si,Degli Antoni,sdegliantonir7@sun.com
981,Leia,Livesley,llivesleyr8@netscape.com
982,Neel,Swadling,nswadlingr9@google.co.uk
983,Ezri,Priestman,epriestmanra@imdb.com
984,Briant,Van den Broek,bvandenbroekrb@whitehouse.gov
985,Milka,Godfrey,mgodfreyrc@wikia.com
986,Lelah,Courtney,lcourtneyrd@domainmarket.com
987,Roselin,Witchell,rwitchellre@scientificamerican.com
988,Hughie,Huet,hhuetrf@deliciousdays.com
989,Olenolin,Easeman,oeasemanrg@1688.com
990,Melinde,Roseby,mrosebyrh@smugmug.com
991,Lia,Truswell,ltruswellri@typepad.com
992,Lily,Poundesford,lpoundesfordrj@is.gd
993,Brewer,Latchford,blatchfordrk@cargocollective.com
994,Kala,Korda,kkordarl@google.com.hk
995,Ciro,Willarton,cwillartonrm@mtv.com
996,Yard,Floch,yflochrn@yahoo.com
997,Clemence,McGirr,cmcgirrro@craigslist.org
998,Chrisse,Russon,crussonrp@businessinsider.com
999,Raven,Getcliff,rgetcliffrq@etsy.com
1000,Suzette,Brazur,sbrazurrr@arizona.edu
